<application>
  <component name="ConfigState">
    <option name="theme" value="Auto" />
    <option name="longSort" value="false" />
    <option name="longNum" value="Auto" />
    <option name="selectItem" value="Auto" />
    <option name="uninstallFlag" value="false" />
    <option name="hintEnable" value="false" />
    <option name="isShowShadeHint" value="false" />
    <option name="toolwindowWidth" value="554" />
    <option name="multiFuncMethodShortcutList">
      <list />
    </option>
    <option name="remotePredictionLevel" value="LONG" />
    <option name="uploadPredictedLevel" value="smart_long" />
    <option name="predictStatusPosition" value="底部" />
  </component>
</application>