<application>
  <component name="ConfigState">
    <option name="theme" value="Auto" />
    <option name="longSort" value="false" />
    <option name="longNum" value="Auto" />
    <option name="selectItem" value="Auto" />
    <option name="uninstallFlag" value="false" />
    <option name="hintEnable" value="false" />
    <option name="isShowShadeHint" value="false" />
    <option name="predictedLevelSetting" value="智能模式（根据上下文信息智能决定预测长度）" />
  </component>
</application>