<application>
  <component name="com.intellij.ide.ui.customization.CustomActionsSchema">
    <group value="SearchEverywhere" is_action="true" action_type="-1" position="4">
      <path value="root" />
      <path value="Main Toolbar Right" />
      <option name="myInitialPosition" value="-1" />
    </group>
    <group value="TranslationTitleBar" is_group="true" forse_popup="false" action_type="-1" position="3">
      <path value="root" />
      <path value="Main Toolbar Right" />
      <option name="myInitialPosition" value="-1" />
    </group>
    <group value="CompileDirty" is_action="true" action_type="1" position="1">
      <path value="root" />
      <path value="Main Toolbar Right" />
      <option name="myInitialPosition" value="-1" />
    </group>
    <group value="ChangesView.AddUnversioned" is_action="true" action_type="1" position="4">
      <path value="root" />
      <path value="Main Toolbar Left" />
      <option name="myInitialPosition" value="-1" />
    </group>
    <group value="CheckinProject" is_action="true" action_type="1" position="5">
      <path value="root" />
      <path value="Main Toolbar Left" />
      <option name="myInitialPosition" value="-1" />
    </group>
    <group value="Vcs.UpdateProject" is_action="true" action_type="1" position="6">
      <path value="root" />
      <path value="Main Toolbar Left" />
      <option name="myInitialPosition" value="-1" />
    </group>
    <action id="ChangesView.AddUnversioned" icon="jar:file:/D:/Program%20Files/JetBrains/IntelliJ%20IDEA%202023.1.6/lib/app.jar!/expui/general/add.svg" />
    <action id="UpdateFiles" icon="Vcs.UpdateProject" />
    <action id="CheckinFiles" icon="CheckinProject" />
    <action id="VcsGlobalGroup" icon="jar:file:/D:/Program%20Files/JetBrains/IntelliJ%20IDEA%202023.1.6/lib/app.jar!/expui/toolbar/unknown.svg" />
  </component>
</application>