<application>
  <component name="LocalDatabaseDriverManager" version="201">
    <driver id="mysql.8">
      <artifact id="MySQL Connector/J 8" name="MySQL Connector/J 8" use="true" />
    </driver>
    <driver id="java.sql.Driver" name="TDengine Driver3.2.1" driver-class="com.taosdata.jdbc.TSDBDriver">
      <library>
        <url>file://D:/Project/example/taos-connector-jdbc/target/taos-jdbcdriver-3.2.1-dist.jar</url>
      </library>
    </driver>
    <driver id="c88b2857-a9b7-4289-9e11-44fcfbc9803b" name="User Driver" driver-class="com.taosdata.jdbc.TSDBDriver">
      <library>
        <url>file://D:/Project/example/taos-connector-jdbc/target/taos-jdbcdriver-3.2.1-dist.jar</url>
      </library>
    </driver>
  </component>
</application>