<application>
  <component name="fastRequest">
    <option name="dataList">
      <list>
        <NameGroup>
          <option name="hostGroup">
            <list>
              <HostGroup>
                <option name="env" value="dev" />
                <option name="url" value="http://10.133.3.3:8028" />
              </HostGroup>
              <HostGroup>
                <option name="env" value="test" />
                <option name="url" value="http://192.168.59.52:8028" />
              </HostGroup>
              <HostGroup>
                <option name="env" value="127.0.0.1" />
                <option name="url" value="http://127.0.0.1:8028" />
              </HostGroup>
              <HostGroup>
                <option name="env" value="wifi" />
                <option name="url" value="http://10.128.128.231:8028" />
              </HostGroup>
            </list>
          </option>
          <option name="name" value="swy-asset" />
        </NameGroup>
        <NameGroup>
          <option name="hostGroup">
            <list>
              <HostGroup>
                <option name="env" value="dev" />
                <option name="url" value="http://10.133.3.3:8098" />
              </HostGroup>
              <HostGroup>
                <option name="env" value="test" />
                <option name="url" value="" />
              </HostGroup>
              <HostGroup>
                <option name="env" value="127.0.0.1" />
                <option name="url" value="http://127.0.0.1:8098" />
              </HostGroup>
              <HostGroup>
                <option name="env" value="wifi" />
                <option name="url" value="" />
              </HostGroup>
            </list>
          </option>
          <option name="name" value="diskless-base" />
        </NameGroup>
        <NameGroup>
          <option name="hostGroup">
            <list>
              <HostGroup>
                <option name="env" value="dev" />
                <option name="url" value="http://10.133.3.3:1112/portal" />
              </HostGroup>
              <HostGroup>
                <option name="env" value="test" />
                <option name="url" value="" />
              </HostGroup>
              <HostGroup>
                <option name="env" value="127.0.0.1" />
                <option name="url" value="http://127.0.0.1:1112/portal" />
              </HostGroup>
              <HostGroup>
                <option name="env" value="wifi" />
                <option name="url" value="" />
              </HostGroup>
            </list>
          </option>
          <option name="name" value="swy-sso" />
        </NameGroup>
        <NameGroup>
          <option name="hostGroup">
            <list>
              <HostGroup>
                <option name="env" value="dev" />
                <option name="url" value="http://10.133.3.3:8080" />
              </HostGroup>
              <HostGroup>
                <option name="env" value="test" />
                <option name="url" value="" />
              </HostGroup>
              <HostGroup>
                <option name="env" value="127.0.0.1" />
                <option name="url" value="http://127.0.0.1:8080" />
              </HostGroup>
              <HostGroup>
                <option name="env" value="wifi" />
                <option name="url" value="" />
              </HostGroup>
            </list>
          </option>
          <option name="name" value="8080" />
        </NameGroup>
        <NameGroup>
          <option name="hostGroup">
            <list>
              <HostGroup>
                <option name="env" value="dev" />
                <option name="url" value="http://10.133.3.3:8888/sso" />
              </HostGroup>
              <HostGroup>
                <option name="env" value="test" />
                <option name="url" value="" />
              </HostGroup>
              <HostGroup>
                <option name="env" value="127.0.0.1" />
                <option name="url" value="http://127.0.0.1:8888/sso" />
              </HostGroup>
              <HostGroup>
                <option name="env" value="wifi" />
                <option name="url" value="" />
              </HostGroup>
            </list>
          </option>
          <option name="name" value="8888" />
        </NameGroup>
        <NameGroup>
          <option name="hostGroup">
            <list>
              <HostGroup>
                <option name="env" value="dev" />
                <option name="url" value="http://10.133.3.3:8020/manageApi" />
              </HostGroup>
              <HostGroup>
                <option name="env" value="test" />
                <option name="url" value="" />
              </HostGroup>
              <HostGroup>
                <option name="env" value="127.0.0.1" />
                <option name="url" value="http://127.0.0.1:8020/manageApi" />
              </HostGroup>
              <HostGroup>
                <option name="env" value="wifi" />
                <option name="url" value="" />
              </HostGroup>
            </list>
          </option>
          <option name="name" value="8020" />
        </NameGroup>
        <NameGroup>
          <option name="hostGroup">
            <list>
              <HostGroup>
                <option name="env" value="dev" />
                <option name="url" value="http://10.133.3.3:8081" />
              </HostGroup>
              <HostGroup>
                <option name="env" value="test" />
                <option name="url" value="" />
              </HostGroup>
              <HostGroup>
                <option name="env" value="127.0.0.1" />
                <option name="url" value="http://127.0.0.1:8081" />
              </HostGroup>
              <HostGroup>
                <option name="env" value="wifi" />
                <option name="url" value="" />
              </HostGroup>
            </list>
          </option>
          <option name="name" value="8081" />
        </NameGroup>
        <NameGroup>
          <option name="hostGroup">
            <list>
              <HostGroup>
                <option name="env" value="dev" />
                <option name="url" value="http://10.133.3.3:7072" />
              </HostGroup>
              <HostGroup>
                <option name="env" value="test" />
                <option name="url" value="" />
              </HostGroup>
              <HostGroup>
                <option name="env" value="127.0.0.1" />
                <option name="url" value="http://127.0.0.1:7072" />
              </HostGroup>
              <HostGroup>
                <option name="env" value="wifi" />
                <option name="url" value="" />
              </HostGroup>
            </list>
          </option>
          <option name="name" value="7072" />
        </NameGroup>
        <NameGroup>
          <option name="hostGroup">
            <list>
              <HostGroup>
                <option name="env" value="dev" />
                <option name="url" value="http://10.133.3.3:8030/entApi" />
              </HostGroup>
              <HostGroup>
                <option name="env" value="test" />
                <option name="url" value="" />
              </HostGroup>
              <HostGroup>
                <option name="env" value="127.0.0.1" />
                <option name="url" value="http://127.0.0.1:8030/entApi" />
              </HostGroup>
              <HostGroup>
                <option name="env" value="wifi" />
                <option name="url" value="" />
              </HostGroup>
            </list>
          </option>
          <option name="name" value="8030" />
        </NameGroup>
        <NameGroup>
          <option name="hostGroup">
            <list>
              <HostGroup>
                <option name="env" value="dev" />
                <option name="url" value="http://10.133.3.3:8082" />
              </HostGroup>
              <HostGroup>
                <option name="env" value="test" />
                <option name="url" value="" />
              </HostGroup>
              <HostGroup>
                <option name="env" value="127.0.0.1" />
                <option name="url" value="http://127.0.0.1:8082" />
              </HostGroup>
              <HostGroup>
                <option name="env" value="wifi" />
                <option name="url" value="" />
              </HostGroup>
            </list>
          </option>
          <option name="name" value="8082" />
        </NameGroup>
        <NameGroup>
          <option name="hostGroup">
            <list>
              <HostGroup>
                <option name="env" value="dev" />
                <option name="url" value="http://10.133.3.3:8999" />
              </HostGroup>
              <HostGroup>
                <option name="env" value="test" />
                <option name="url" value="" />
              </HostGroup>
              <HostGroup>
                <option name="env" value="127.0.0.1" />
                <option name="url" value="http://127.0.0.1:8999" />
              </HostGroup>
              <HostGroup>
                <option name="env" value="wifi" />
                <option name="url" value="" />
              </HostGroup>
            </list>
          </option>
          <option name="name" value="8999" />
        </NameGroup>
      </list>
    </option>
    <option name="defaultDataMappingList">
      <list>
        <DataMapping>
          <option name="type" value="byte" />
          <option name="value" value="1" />
        </DataMapping>
        <DataMapping>
          <option name="type" value="java.lang.Byte" />
          <option name="value" value="1" />
        </DataMapping>
        <DataMapping>
          <option name="type" value="short" />
          <option name="value" value="1" />
        </DataMapping>
        <DataMapping>
          <option name="type" value="java.lang.Short" />
          <option name="value" value="1" />
        </DataMapping>
        <DataMapping>
          <option name="type" value="int" />
          <option name="value" value="1" />
        </DataMapping>
        <DataMapping>
          <option name="type" value="java.lang.Integer" />
          <option name="value" value="1" />
        </DataMapping>
        <DataMapping>
          <option name="type" value="long" />
          <option name="value" value="1" />
        </DataMapping>
        <DataMapping>
          <option name="type" value="java.lang.Long" />
          <option name="value" value="1" />
        </DataMapping>
        <DataMapping>
          <option name="type" value="char" />
          <option name="value" value="a" />
        </DataMapping>
        <DataMapping>
          <option name="type" value="java.lang.Character" />
          <option name="value" value="a" />
        </DataMapping>
        <DataMapping>
          <option name="type" value="float" />
          <option name="value" value="1" />
        </DataMapping>
        <DataMapping>
          <option name="type" value="java.lang.Float" />
          <option name="value" value="1" />
        </DataMapping>
        <DataMapping>
          <option name="type" value="double" />
          <option name="value" value="1" />
        </DataMapping>
        <DataMapping>
          <option name="type" value="java.lang.Double" />
          <option name="value" value="1" />
        </DataMapping>
        <DataMapping>
          <option name="type" value="boolean" />
          <option name="value" value="true" />
        </DataMapping>
        <DataMapping>
          <option name="type" value="java.lang.Boolean" />
          <option name="value" value="true" />
        </DataMapping>
        <DataMapping>
          <option name="type" value="java.math.BigDecimal" />
          <option name="value" value="1" />
        </DataMapping>
      </list>
    </option>
    <option name="domain" value="http://10.133.3.3:8080" />
    <option name="enableEnv" value="dev" />
    <option name="enableProject" value="8080" />
    <option name="envList">
      <list>
        <option value="dev" />
        <option value="test" />
        <option value="127.0.0.1" />
        <option value="wifi" />
      </list>
    </option>
    <option name="paramGroup">
      <ParamGroup>
        <option name="bodyParamMap">
          <map>
            <entry key="barDiagnosisQo">
              <value>
                <Object />
              </value>
            </entry>
          </map>
        </option>
        <option name="className" value="com.shunwang.cloud.pc.base.provider.service.impl.BarDispatchEventServiceImpl" />
        <option name="method" value="queryBarDiagnosisPage" />
        <option name="methodDescription" value="网吧服务诊断分页查询" />
        <option name="methodType" value="POST" />
        <option name="module" value="cloud-pc-new-base-provider" />
        <option name="originUrl" value="" />
        <option name="url" value="" />
      </ParamGroup>
    </option>
    <option name="projectList">
      <list>
        <option value="swy-asset" />
        <option value="diskless-base" />
        <option value="swy-sso" />
        <option value="8080" />
        <option value="8888" />
        <option value="8020" />
        <option value="8081" />
        <option value="7072" />
        <option value="8030" />
        <option value="8082" />
        <option value="8999" />
      </list>
    </option>
    <option name="randomStringLength" value="5" />
  </component>
</application>