<application>
  <component name="FileTypeManager" version="18">
    <ignoreFiles list="*.idea;*.iml;*.pyc;*.pyo;*.rbc;*.yarb;*target;*~;.DS_Store;.git;.hg;.svn;CVS;__pycache__;_svn;vssver.scc;vssver2.scc" />
    <extensionMap>
      <mapping ext="so" type="PLAIN_TEXT" />
      <mapping ext="pringservice" type="PLAIN_TEXT" />
      <mapping ext="animalservice" type="PLAIN_TEXT" />
      <removed_mapping pattern="**spring-configuration-metadata.json" approved="true" type="JSON" />
      <removed_mapping ext="apk" approved="true" type="ARCHIVE" />
      <removed_mapping ext="json" approved="true" type="JSON" />
      <removed_mapping ext="psd" approved="true" type="Image" />
      <removed_mapping ext="yaml" approved="true" type="YAML" />
      <removed_mapping pattern="application-**.properties" approved="true" type="Properties" />
      <removed_mapping pattern="application-**.y**ml" approved="true" type="YAML" />
      <removed_mapping pattern="application.properties" approved="true" type="Properties" />
      <removed_mapping pattern="application.yaml" approved="true" type="YAML" />
      <removed_mapping pattern="application.yml" approved="true" type="YAML" />
      <removed_mapping pattern="bootstrap-**.properties" approved="true" type="Properties" />
      <removed_mapping pattern="bootstrap-**.y**ml" approved="true" type="YAML" />
      <removed_mapping pattern="bootstrap.properties" approved="true" type="Properties" />
      <removed_mapping pattern="bootstrap.yaml" approved="true" type="YAML" />
      <removed_mapping pattern="bootstrap.yml" approved="true" type="YAML" />
      <mapping ext="plantuml" type="PlantUML file" />
    </extensionMap>
  </component>
</application>