<application>
  <component name="GeneralSettings">
    <option name="showTipsOnStartup" value="false" />
    <option name="confirmOpenNewProject2" value="0" />
  </component>
  <component name="Registry">
    <entry key="debugger.watches.in.variables" value="false" />
    <entry key="ide.editor.tabs.open.at.the.end" value="true" />
    <entry key="ide.images.show.chessboard" value="true" />
    <entry key="terminal.new.ui" value="true" />
    <entry key="ide.experimental.ui" value="true" />
    <entry key="debugger.new.tool.window.layout" value="true" />
  </component>
  <component name="StatusBar">
    <option name="widgets">
      <map>
        <entry key="CwmWireStatsWidgetFactory" value="false" />
        <entry key="Memory" value="true" />
        <entry key="aiXcoder::StatusBarWidgetFactory" value="false" />
      </map>
    </option>
  </component>
</application>