<application>
  <component name="LanguageInjectionConfiguration">
    <injection language="RoomSql" injector-id="java">
      <display-name>Room Query annotation</display-name>
      <single-file value="true" />
      <place><![CDATA[psiMethod().withName("value").withParameters().definedInClass("android.arch.persistence.room.DatabaseView")]]></place>
      <place><![CDATA[psiMethod().withName("value").withParameters().definedInClass("android.arch.persistence.room.Query")]]></place>
      <place><![CDATA[psiMethod().withName("value").withParameters().definedInClass("androidx.room.DatabaseView")]]></place>
      <place><![CDATA[psiMethod().withName("value").withParameters().definedInClass("androidx.room.Query")]]></place>
    </injection>
    <injection language="RoomSql" injector-id="java">
      <display-name>SQLiteDatabase methods</display-name>
      <single-file value="true" />
      <place><![CDATA[psiParameter().ofMethod(0, psiMethod().withName("compileStatement").withParameters("java.lang.String").definedInClass("android.arch.persistence.db.SupportSQLiteDatabase"))]]></place>
      <place><![CDATA[psiParameter().ofMethod(0, psiMethod().withName("compileStatement").withParameters("java.lang.String").definedInClass("android.database.sqlite.SQLiteDatabase"))]]></place>
      <place><![CDATA[psiParameter().ofMethod(0, psiMethod().withName("compileStatement").withParameters("java.lang.String").definedInClass("androidx.sqlite.db.SupportSQLiteDatabase"))]]></place>
      <place><![CDATA[psiParameter().ofMethod(0, psiMethod().withName("execSQL").withParameters("java.lang.String").definedInClass("android.arch.persistence.db.SupportSQLiteDatabase"))]]></place>
      <place><![CDATA[psiParameter().ofMethod(0, psiMethod().withName("execSQL").withParameters("java.lang.String").definedInClass("android.database.sqlite.SQLiteDatabase"))]]></place>
      <place><![CDATA[psiParameter().ofMethod(0, psiMethod().withName("execSQL").withParameters("java.lang.String").definedInClass("androidx.sqlite.db.SupportSQLiteDatabase"))]]></place>
      <place><![CDATA[psiParameter().ofMethod(0, psiMethod().withName("execSQL").withParameters("java.lang.String", "java.lang.Object[]").definedInClass("android.arch.persistence.db.SupportSQLiteDatabase"))]]></place>
      <place><![CDATA[psiParameter().ofMethod(0, psiMethod().withName("execSQL").withParameters("java.lang.String", "java.lang.Object[]").definedInClass("android.database.sqlite.SQLiteDatabase"))]]></place>
      <place><![CDATA[psiParameter().ofMethod(0, psiMethod().withName("execSQL").withParameters("java.lang.String", "java.lang.Object[]").definedInClass("androidx.sqlite.db.SupportSQLiteDatabase"))]]></place>
      <place><![CDATA[psiParameter().ofMethod(0, psiMethod().withName("rawQuery").withParameters("java.lang.String", "java.lang.String[]").definedInClass("android.database.sqlite.SQLiteDatabase"))]]></place>
      <place><![CDATA[psiParameter().ofMethod(0, psiMethod().withName("rawQuery").withParameters("java.lang.String", "java.lang.String[]", "android.os.CancellationSignal").definedInClass("android.database.sqlite.SQLiteDatabase"))]]></place>
      <place><![CDATA[psiParameter().ofMethod(0, psiMethod().withName("validateSql").withParameters("java.lang.String", "android.os.CancellationSignal").definedInClass("android.database.sqlite.SQLiteDatabase"))]]></place>
      <place><![CDATA[psiParameter().ofMethod(1, psiMethod().withName("rawQueryWithFactory").withParameters("android.database.sqlite.SQLiteDatabase.CursorFactory", "java.lang.String", "java.lang.String[]", "java.lang.String").definedInClass("android.database.sqlite.SQLiteDatabase"))]]></place>
      <place><![CDATA[psiParameter().ofMethod(1, psiMethod().withName("rawQueryWithFactory").withParameters("android.database.sqlite.SQLiteDatabase.CursorFactory", "java.lang.String", "java.lang.String[]", "java.lang.String", "android.os.CancellationSignal").definedInClass("android.database.sqlite.SQLiteDatabase"))]]></place>
    </injection>
    <injection language="RegExp" injector-id="kotlin">
      <display-name>Kotlin</display-name>
      <single-file value="true" />
      <place><![CDATA[kotlinParameter().ofFunction(0, kotlinFunction().withName("Regex").definedInClass("kotlin.text.Regex"))]]></place>
      <place><![CDATA[receiver().ofFunction(kotlinFunction().withName("toPattern").withReceiver("kotlin.String").definedInPackage("kotlin.text"))]]></place>
      <place><![CDATA[receiver().ofFunction(kotlinFunction().withName("toRegex").withReceiver("kotlin.String").definedInPackage("kotlin.text"))]]></place>
    </injection>
    <injection language="SQL" injector-id="xml">
      <display-name>mapper</display-name>
      <single-file value="false" />
      <place><![CDATA[xmlTag().withLocalName(string().equalTo("mapper")).withNamespace(string().equalTo("http://mybatis.org/dtd/mybatis-3-mapper.dtd"))]]></place>
    </injection>
  </component>
</application>