<application>
  <component name="ProjectManager">
    <defaultProject>
      <component name="InspectionProjectProfileManager">
        <profile version="1.0">
          <option name="myName" value="Project Default" />
        </profile>
        <version value="1.0" />
      </component>
      <component name="MavenImportPreferences">
        <option name="generalSettings">
          <MavenGeneralSettings>
            <option name="localRepository" value="D:\Maven3_3_9\repository" />
            <option name="mavenHome" value="D:/Maven3_3_9/apache-maven-3.3.9" />
            <option name="userSettingsFile" value="D:\Maven3_3_9\apache-maven-3.3.9\conf\settings.xml" />
          </MavenGeneralSettings>
        </option>
        <option name="importingSettings">
          <MavenImportingSettings>
            <option name="jdkForImporter" value="1.8" />
          </MavenImportingSettings>
        </option>
      </component>
      <component name="MavenRunner">
        <option name="jreName" value="1.8" />
        <option name="vmOptions" value="-DarchetypeCatalog=internal" />
      </component>
      <component name="PropertiesComponent">{
  &quot;keyToString&quot;: {
    &quot;settings.editor.selected.configurable&quot;: &quot;reference.settingsdialog.project.gradle&quot;
  }
}</component>
      <component name="WindowStateProjectService">
        <state x="677" y="295" key="FileChooserDialogImpl" timestamp="1685324529296">
          <screen x="0" y="0" width="1792" height="1080" />
        </state>
        <state x="677" y="295" key="FileChooserDialogImpl/0.0.1792.1080/-1920.-101.1920.1040" timestamp="1685324529296" />
        <state x="398" y="180" key="SettingsEditor" timestamp="1685325884844">
          <screen x="0" y="0" width="1792" height="1080" />
        </state>
        <state x="398" y="180" key="SettingsEditor/0.0.1792.1080/-1920.-101.1920.1040" timestamp="1685325884844" />
      </component>
      <component name="masterDetails">
        <states>
          <state key="ProjectJDKs.UI">
            <settings>
              <last-edited>1.8</last-edited>
              <splitter-proportions>
                <option name="proportions">
                  <list>
                    <option value="0.2" />
                  </list>
                </option>
              </splitter-proportions>
            </settings>
          </state>
        </states>
      </component>
    </defaultProject>
  </component>
</application>