<application>
  <component name="SquaretestSettings">
    <option name="usageStatsEnabled" value="true" />
    <option name="projectNameToSettingsMap">
      <map>
        <entry key="MybatisDemo">
          <value>
            <ProjectSettings>
              <option name="projectName" value="MybatisDemo" />
              <option name="templateLanguage" value="Java" />
              <option name="template">
                <Template>
                  <option name="presentationName" value="JUnit5MockitoSpringAssertJ.java.ft" />
                  <option name="internalTemplateSaveName" value="SQTJ-JUnit5MockitoSpringAssertJ.java" />
                  <option name="isInternal" value="true" />
                </Template>
              </option>
              <option name="moduleAutoConfigSetting" value="AUTOMATICALLY_CONFIGURE_WHEN_POSSIBLE" />
            </ProjectSettings>
          </value>
        </entry>
        <entry key="computing-domain">
          <value>
            <ProjectSettings>
              <option name="projectName" value="computing-domain" />
              <option name="templateLanguage" value="Java" />
              <option name="template">
                <Template>
                  <option name="presentationName" value="JUnit4MockitoSpring.java.ft" />
                  <option name="internalTemplateSaveName" value="SQTJ-JUnit4MockitoSpring.java" />
                  <option name="isInternal" value="true" />
                </Template>
              </option>
              <option name="moduleAutoConfigSetting" value="AUTOMATICALLY_CONFIGURE_WHEN_POSSIBLE" />
            </ProjectSettings>
          </value>
        </entry>
      </map>
    </option>
    <option name="projectNameModuleNameToSettingsMap">
      <map>
        <entry key="MybatisDemo_MybatisDemo">
          <value>
            <ModuleSettings>
              <option name="moduleName" value="MybatisDemo" />
              <option name="testDirectoryRoot" value="src/test/java" />
            </ModuleSettings>
          </value>
        </entry>
        <entry key="computing-domain_domain-orchestration-app">
          <value>
            <ModuleSettings>
              <option name="moduleName" value="domain-orchestration-app" />
              <option name="templateLanguage" value="Java" />
              <option name="template">
                <Template>
                  <option name="presentationName" value="JUnit5MockitoSpringAssertJ.java.ft" />
                  <option name="internalTemplateSaveName" value="SQTJ-JUnit5MockitoSpringAssertJ.java" />
                  <option name="isInternal" value="true" />
                </Template>
              </option>
              <option name="testDirectoryRoot" value="computing-domain-start/src/test/java" />
            </ModuleSettings>
          </value>
        </entry>
      </map>
    </option>
    <option name="collectUsageStats" value="true" />
    <option name="hasShownMetricsDisclosure" value="true" />
    <option name="id" value="1255f222-cbc2-4075-8ced-02b794927b04" />
  </component>
</application>