<application>
  <component name="UpdatesConfigurable">
    <option name="LAST_BUILD_CHECKED" value="IU-232.9921.47" />
    <option name="LAST_TIME_CHECKED" value="1695371479770" />
    <option name="OBSOLETE_CUSTOM_REPOSITORIES_CLEAN_NEEDED" value="false" />
    <pluginHosts>
      <item value="https://plugins.zhile.io" />
    </pluginHosts>
    <option name="PLUGINS_CHECK_NEEDED" value="false" />
    <option name="SHOW_WHATS_NEW_EDITOR" value="false" />
    <option name="THIRD_PARTY_PLUGINS_ALLOWED" value="true" />
    <option name="WHATS_NEW_SHOWN_FOR" value="232" />
  </component>
</application>