<application>
  <component name="GitRememberedInputs">
    <option name="visitedUrls">
      <list>
        <UrlAndUserName>
          <option name="url" value="https://github.com/alibaba/spring-cloud-alibaba.git" />
          <option name="userName" value="" />
        </UrlAndUserName>
        <UrlAndUserName>
          <option name="url" value="https://github.com.cnpmjs.org/alibaba/spring-cloud-alibaba.git" />
          <option name="userName" value="" />
        </UrlAndUserName>
        <UrlAndUserName>
          <option name="url" value="https://github.com.cnpmjs.org/alibaba/nacos.git" />
          <option name="userName" value="" />
        </UrlAndUserName>
        <UrlAndUserName>
          <option name="url" value="https://github.com/alibaba/nacos.git" />
          <option name="userName" value="" />
        </UrlAndUserName>
        <UrlAndUserName>
          <option name="url" value="https://github.91chi.fun/https://github.com/alibaba/dragonwell8.git" />
          <option name="userName" value="" />
        </UrlAndUserName>
        <UrlAndUserName>
          <option name="url" value="https://github.91chi.fun/https://github.com/alibaba/easyexcel.git" />
          <option name="userName" value="" />
        </UrlAndUserName>
        <UrlAndUserName>
          <option name="url" value="https://gitee.com/roseboy/classfinal.git" />
          <option name="userName" value="" />
        </UrlAndUserName>
        <UrlAndUserName>
          <option name="url" value="https://github.com/fuzhengwei/Lottery.git" />
          <option name="userName" value="" />
        </UrlAndUserName>
        <UrlAndUserName>
          <option name="url" value="https://github.com/fuzhengwei/itstack-demo-design.git" />
          <option name="userName" value="" />
        </UrlAndUserName>
        <UrlAndUserName>
          <option name="url" value="https://gh.api.99988866.xyz/https://github.com/fuzhengwei/itstack-demo-design.git" />
          <option name="userName" value="" />
        </UrlAndUserName>
      </list>
    </option>
    <option name="cloneParentDir" value="$USER_HOME$/Java/project/my/demo" />
  </component>
  <component name="Vcs.Log.App.Settings">
    <option name="COLUMN_ID_ORDER">
      <list>
        <option value="Default.Root" />
        <option value="Default.Subject" />
        <option value="Default.Author" />
        <option value="Default.Date" />
      </list>
    </option>
  </component>
  <component name="VcsApplicationSettings">
    <option name="COMMIT_FROM_LOCAL_CHANGES" value="true" />
  </component>
</application>