<application>
  <component name="AppStorage">
    <histories>
      <item value="propagation" />
      <item value="valid" />
      <item value="convertor" />
      <item value="待convertor" />
      <item value="Valid Dcc Request" />
      <item value="VALID" />
      <item value="invalid" />
      <item value="UNINO" />
      <item value="User Profile" />
      <item value="concurrency" />
      <item value="sync" />
      <item value="offer" />
      <item value="poll" />
      <item value="peek" />
      <item value="process" />
      <item value="terminated" />
      <item value="TERMINATED" />
      <item value="TIDYING" />
      <item value="MAXIMUM CAPACITY" />
      <item value="inject Extension" />
      <item value="Protocol Filter Wrapper" />
      <item value="digest Hex 16" />
      <item value="put If Absent" />
      <item value="Extension Loader" />
      <item value="with Extension Annotation" />
      <item value="get Activate Extension" />
      <item value="not Full" />
      <item value="enqueue" />
      <item value="set Exclusive Owner Thread" />
      <item value="Shortest Response Load Balance" />
      <item value="call Runners" />
      <item value="polaris" />
      <item value="Soft Memory" />
      <item value="Free Logindll" />
      <item value="steam Accelarate" />
      <item value="accelarate Selector" />
      <item value="convert And Send" />
      <item value="Immutable Map" />
      <item value="Bulk Request Builder" />
      <item value="prepare Bulk" />
      <item value="indices" />
      <item value="term Query" />
      <item value="Adaptive" />
      <item value="is Consumer Side" />
      <item value="Rpc Context Attachment" />
      <item value="get Attachment" />
      <item value="Echo Service" />
      <item value="Destroyable Exporter" />
      <item value="failover" />
      <item value="set Accessible" />
    </histories>
    <option name="languageScores">
      <map>
        <entry key="CHINESE" value="363" />
        <entry key="ENGLISH" value="364" />
        <entry key="RUSSIAN" value="1" />
        <entry key="GALICIAN" value="1" />
        <entry key="ROMANIAN" value="1" />
        <entry key="ZULU" value="1" />
        <entry key="NORWEGIAN" value="2" />
        <entry key="SWEDISH" value="2" />
        <entry key="SLOVENIAN" value="1" />
        <entry key="ITALIAN" value="2" />
      </map>
    </option>
  </component>
  <component name="Cache">
    <option name="lastTrimTime" value="1680082568439" />
  </component>
  <component name="Settings">
    <option name="aliTranslateSettings">
      <app-key>
        <option name="appId" value="LTAIwMXdUFdlLMAB" />
      </app-key>
    </option>
    <option name="baiduTranslateSettings">
      <app-key>
        <option name="appId" value="20221129001476235" />
      </app-key>
    </option>
    <option name="translator" value="BAIDU" />
    <option name="youdaoTranslateSettings">
      <youdao-translate>
        <option name="appId" value="352dde97f6787fd3" />
        <option name="primaryLanguage" value="ESPERANTO" />
      </youdao-translate>
    </option>
  </component>
  <component name="Translation.Cache">
    <option name="lastTrimTime" value="1716878969235" />
  </component>
  <component name="Translation.States">
    <option name="translationDialogHeight" value="260" />
    <option name="translationDialogLocationX" value="2899" />
    <option name="translationDialogLocationY" value="394" />
    <histories>
      <item value="SIMPLIFIED CHINESE" />
      <item value="Node Variable" />
      <item value="variables" />
      <item value="update By Multi Id" />
      <item value="real Abnormal End" />
      <item value="ABNORMAL END MAX MINUTE" />
      <item value="abnormal End Cycle" />
      <item value="ABNORMAL END CYCLE MAX" />
      <item value="handle" />
      <item value="handle Data Store" />
      <item value="expire Day" />
      <item value="Data Transfer Task" />
      <item value="predict" />
      <item value="probability" />
      <item value="save Synset" />
      <item value="Accuracy" />
      <item value="add Evaluator" />
      <item value="Softmax Cross Entropy Loss" />
      <item value="setting training parameters (ie hyperparameters)" />
      <item value="Split the dataset set into training dataset and validate dataset" />
      <item value="UNINITIALIZED" />
      <item value="optimize" />
      <item value="get Optimizer" />
      <item value="get Problem" />
      <item value="coefficients" />
      <item value="Weighted Observed Points" />
      <item value="degree" />
      <item value="Polynomial Regression" />
      <item value="Fitter" />
      <item value="Polynomial Curve Fitter" />
      <item value="get R Square" />
      <item value="version front" />
      <item value="synchronized" />
      <item value="Customer Json Filter Config" />
      <item value="Constraint Violation Exception" />
      <item value="decrement And Get" />
      <item value="decrease Alarm Count" />
      <item value="call Runner" />
      <item value="Curve" />
      <item value="passive Adjust Map" />
      <item value="Tb Node Adjust" />
      <item value="Active" />
      <item value="Active Adjust MAP" />
      <item value="VIABLE" />
      <item value="UN VIABLE" />
      <item value="node Data Store" />
      <item value="divisor" />
      <item value="CHECK POINT KB O" />
      <item value="list Node Multi Relevance Info" />
      <item value="find Recursion Relevance" />
    </histories>
    <option name="languageScores">
      <map>
        <entry key="CHINESE" value="322" />
        <entry key="ENGLISH" value="323" />
        <entry key="FRENCH" value="1" />
        <entry key="GERMAN" value="2" />
        <entry key="ITALIAN" value="1" />
        <entry key="JAPANESE" value="1" />
        <entry key="KURDISH" value="2" />
        <entry key="LATIN" value="1" />
        <entry key="SPANISH" value="2" />
      </map>
    </option>
  </component>
</application>