<application>
  <component name="Translation.Cache">
    <option name="lastTrimTime" value="1722385950439" />
  </component>
  <component name="Translation.Settings">
    <option name="primaryLanguage" value="CHINESE" />
  </component>
  <component name="Translation.States">
    <histories>
      <item value="REPORT STAT CHANGED Y" />
      <item value="verification exception" />
      <item value="basic auth interceptor" />
      <item value="autowire capable bean factory" />
      <item value="Enhancer" />
      <item value="bean definition" />
      <item value="abstract autowire capable bean factory" />
      <item value="mqtt callback extended" />
      <item value="produces" />
      <item value="close quietly" />
      <item value="single curve controller" />
      <item value="new scheduled thread pool" />
      <item value="schedule config" />
      <item value="get all posed camera" />
      <item value="pre exec" />
      <item value="Heatload" />
      <item value="get communication type dsp" />
      <item value="evaluate" />
      <item value="state" />
      <item value="offer" />
      <item value="threshold" />
      <item value="Furnace" />
    </histories>
    <option name="languageScores">
      <map>
        <entry key="CHINESE" value="19" />
        <entry key="ENGLISH" value="20" />
        <entry key="SLOVAK" value="1" />
      </map>
    </option>
  </component>
</application>