<application>
  <component name="Translation.Cache">
    <option name="lastTrimTime" value="1730188839755" />
  </component>
  <component name="Translation.Settings">
    <option name="primaryLanguage" value="CHINESE" />
  </component>
  <component name="Translation.States">
    <option name="translationDialogHeight" value="260" />
    <option name="translationDialogLocationX" value="2899" />
    <option name="translationDialogLocationY" value="394" />
    <histories>
      <item value="exposure" />
      <item value="agent" />
      <item value="tag" />
      <item value="device options" />
      <item value="generic cache configuration" />
      <item value="metrics properties" />
      <item value="actuator" />
      <item value="Exposure" />
      <item value="micrometer" />
      <item value="compute" />
      <item value="server side encryption" />
      <item value="check sse" />
      <item value="BUCKET NAME REGEX" />
      <item value="region" />
      <item value="extra headers" />
      <item value="get presigned object url args" />
      <item value="DEFAULT EXPIRY TIME" />
      <item value="agent transformer" />
      <item value="add transformer" />
      <item value="offline post processor" />
      <item value="wired status" />
      <item value="查询未数据绑定节点接口" />
      <item value="DEVICE STATUS SHORT CIRCUIT" />
      <item value="smooth rate limiter" />
      <item value="smooth warming up" />
      <item value="volatility" />
      <item value="Temperature" />
      <item value="炉温" />
      <item value="executable" />
      <item value="unit" />
      <item value="permit" />
      <item value="get light trend" />
      <item value="list light ranking" />
      <item value="quota group model" />
      <item value="service processor" />
      <item value="execute" />
      <item value="service processor registrar" />
      <item value="cache name resolver" />
      <item value="resolve cache name" />
      <item value="temp" />
      <item value="frontend" />
      <item value="resolve driver" />
      <item value="retail salt" />
      <item value="ulisesbocchio" />
      <item value="enable jpa repositories" />
      <item value="api take log aspect" />
      <item value="chapter backtracking" />
      <item value="var value dic" />
      <item value="ARITHMETIC QUOTIENT" />
      <item value="get measure quota type" />
    </histories>
    <option name="languageScores">
      <map>
        <entry key="CHINESE" value="104" />
        <entry key="CHINESE_SIMPLIFIED" value="54" />
        <entry key="ENGLISH" value="152" />
        <entry key="FRENCH" value="3" />
        <entry key="GERMAN" value="2" />
        <entry key="NORWEGIAN" value="1" />
        <entry key="SLOVAK" value="1" />
        <entry key="TONGAN" value="2" />
        <entry key="TURKISH" value="1" />
      </map>
    </option>
  </component>
</application>