<application>
  <component name="AppStorage">
    <histories>
      <item value="Adaptive" />
      <item value="is Consumer Side" />
      <item value="Rpc Context Attachment" />
      <item value="get Attachment" />
      <item value="Echo Service" />
      <item value="Destroyable Exporter" />
      <item value="failover" />
      <item value="set Accessible" />
      <item value="schema" />
      <item value="Question Bank" />
      <item value="get Commodity Service" />
      <item value="send Commodity" />
      <item value="eval Node" />
      <item value="variables" />
      <item value="apply" />
      <item value="query Full Page" />
      <item value="Resource Bundle Message Source" />
      <item value="Environment Capable" />
      <item value="get Startup Date" />
      <item value="prev" />
      <item value="pred" />
      <item value="mode" />
      <item value="exclusive Owner Thread" />
      <item value="PROPAGATE" />
      <item value="Illegal Monitor State Exception" />
      <item value="REBOOT WAIT START" />
      <item value="FINISHED" />
      <item value="code" />
      <item value="boot" />
      <item value="recovery" />
      <item value="update Cpc Stage User Id" />
      <item value="INVALID" />
      <item value="Strategy Context" />
      <item value="Execute Policy" />
      <item value="host Aliases" />
      <item value="Deprecated" />
      <item value="business No Duplicate Check" />
      <item value="applay Snapshot" />
      <item value="APPLY START" />
      <item value="argument" />
      <item value="executions" />
      <item value="execution" />
      <item value="Solution Snapshot" />
      <item value="progress List" />
      <item value="excludes" />
      <item value="snapshot Id" />
      <item value="convert And Send" />
      <item value="no Need Deal List" />
      <item value="pause Stage" />
      <item value="query By Buss Order No" />
    </histories>
    <option name="languageScores">
      <map>
        <entry key="CHINESE" value="324" />
        <entry key="ENGLISH" value="325" />
        <entry key="ROMANIAN" value="1" />
        <entry key="ZULU" value="1" />
        <entry key="NORWEGIAN" value="2" />
        <entry key="SWEDISH" value="2" />
        <entry key="SLOVENIAN" value="1" />
        <entry key="ITALIAN" value="1" />
      </map>
    </option>
  </component>
  <component name="Cache">
    <option name="lastTrimTime" value="1675822375629" />
  </component>
  <component name="Settings">
    <option name="aliTranslateSettings">
      <app-key>
        <option name="appId" value="LTAIwMXdUFdlLMAB" />
      </app-key>
    </option>
    <option name="baiduTranslateSettings">
      <app-key>
        <option name="appId" value="20221129001476235" />
      </app-key>
    </option>
    <option name="translator" value="BAIDU" />
    <option name="youdaoTranslateSettings">
      <youdao-translate>
        <option name="appId" value="352dde97f6787fd3" />
        <option name="primaryLanguage" value="ESPERANTO" />
      </youdao-translate>
    </option>
  </component>
</application>