<application>
  <component name="AppStorage">
    <histories>
      <item value="propagation" />
      <item value="valid" />
      <item value="convertor" />
      <item value="待convertor" />
      <item value="Valid Dcc Request" />
      <item value="VALID" />
      <item value="invalid" />
      <item value="UNINO" />
      <item value="User Profile" />
      <item value="concurrency" />
      <item value="sync" />
      <item value="offer" />
      <item value="poll" />
      <item value="peek" />
      <item value="process" />
      <item value="terminated" />
      <item value="TERMINATED" />
      <item value="TIDYING" />
      <item value="MAXIMUM CAPACITY" />
      <item value="inject Extension" />
      <item value="Protocol Filter Wrapper" />
      <item value="digest Hex 16" />
      <item value="put If Absent" />
      <item value="Extension Loader" />
      <item value="with Extension Annotation" />
      <item value="get Activate Extension" />
      <item value="not Full" />
      <item value="enqueue" />
      <item value="set Exclusive Owner Thread" />
      <item value="Shortest Response Load Balance" />
      <item value="call Runners" />
      <item value="polaris" />
      <item value="Soft Memory" />
      <item value="Free Logindll" />
      <item value="steam Accelarate" />
      <item value="accelarate Selector" />
      <item value="convert And Send" />
      <item value="Immutable Map" />
      <item value="Bulk Request Builder" />
      <item value="prepare Bulk" />
      <item value="indices" />
      <item value="term Query" />
      <item value="Adaptive" />
      <item value="is Consumer Side" />
      <item value="Rpc Context Attachment" />
      <item value="get Attachment" />
      <item value="Echo Service" />
      <item value="Destroyable Exporter" />
      <item value="failover" />
      <item value="set Accessible" />
    </histories>
    <option name="languageScores">
      <map>
        <entry key="CHINESE" value="363" />
        <entry key="ENGLISH" value="364" />
        <entry key="RUSSIAN" value="1" />
        <entry key="GALICIAN" value="1" />
        <entry key="ROMANIAN" value="1" />
        <entry key="ZULU" value="1" />
        <entry key="NORWEGIAN" value="2" />
        <entry key="SWEDISH" value="2" />
        <entry key="SLOVENIAN" value="1" />
        <entry key="ITALIAN" value="2" />
      </map>
    </option>
  </component>
  <component name="Cache">
    <option name="lastTrimTime" value="1680082568439" />
  </component>
  <component name="Settings">
    <option name="aliTranslateSettings">
      <app-key>
        <option name="appId" value="LTAIwMXdUFdlLMAB" />
      </app-key>
    </option>
    <option name="baiduTranslateSettings">
      <app-key>
        <option name="appId" value="20221129001476235" />
      </app-key>
    </option>
    <option name="translator" value="BAIDU" />
    <option name="youdaoTranslateSettings">
      <youdao-translate>
        <option name="appId" value="352dde97f6787fd3" />
        <option name="primaryLanguage" value="ESPERANTO" />
      </youdao-translate>
    </option>
  </component>
  <component name="Translation.Cache">
    <option name="lastTrimTime" value="1683859601255" />
  </component>
  <component name="Translation.States">
    <histories>
      <item value="value Unbound" />
      <item value="SO BACKLOG" />
      <item value="Nio Event Loop Group" />
      <item value="Security Context Persistence Filter" />
      <item value="loop Mapping" />
      <item value="assert Throws Exactly" />
      <item value="valid" />
      <item value="DCC VALID" />
      <item value="IP Resolver Chain" />
      <item value="data Block IP Resolver" />
      <item value="credentials" />
      <item value="get By Credentials" />
      <item value="Ucc Domain Contract Credentials" />
      <item value="invalid" />
      <item value="Leave Event" />
      <item value="approval Info Dao" />
      <item value="Approval Info" />
      <item value="Person Assembler" />
      <item value="Access Key" />
    </histories>
    <option name="languageScores">
      <map>
        <entry key="CHINESE" value="14" />
        <entry key="ENGLISH" value="15" />
      </map>
    </option>
  </component>
</application>