<application>
  <component name="AppStorage">
    <histories>
      <item value="propagation" />
      <item value="valid" />
      <item value="convertor" />
      <item value="待convertor" />
      <item value="Valid Dcc Request" />
      <item value="VALID" />
      <item value="invalid" />
      <item value="UNINO" />
      <item value="User Profile" />
      <item value="concurrency" />
      <item value="sync" />
      <item value="offer" />
      <item value="poll" />
      <item value="peek" />
      <item value="process" />
      <item value="terminated" />
      <item value="TERMINATED" />
      <item value="TIDYING" />
      <item value="MAXIMUM CAPACITY" />
      <item value="inject Extension" />
      <item value="Protocol Filter Wrapper" />
      <item value="digest Hex 16" />
      <item value="put If Absent" />
      <item value="Extension Loader" />
      <item value="with Extension Annotation" />
      <item value="get Activate Extension" />
      <item value="not Full" />
      <item value="enqueue" />
      <item value="set Exclusive Owner Thread" />
      <item value="Shortest Response Load Balance" />
      <item value="call Runners" />
      <item value="polaris" />
      <item value="Soft Memory" />
      <item value="Free Logindll" />
      <item value="steam Accelarate" />
      <item value="accelarate Selector" />
      <item value="convert And Send" />
      <item value="Immutable Map" />
      <item value="Bulk Request Builder" />
      <item value="prepare Bulk" />
      <item value="indices" />
      <item value="term Query" />
      <item value="Adaptive" />
      <item value="is Consumer Side" />
      <item value="Rpc Context Attachment" />
      <item value="get Attachment" />
      <item value="Echo Service" />
      <item value="Destroyable Exporter" />
      <item value="failover" />
      <item value="set Accessible" />
    </histories>
    <option name="languageScores">
      <map>
        <entry key="CHINESE" value="363" />
        <entry key="ENGLISH" value="364" />
        <entry key="RUSSIAN" value="1" />
        <entry key="GALICIAN" value="1" />
        <entry key="ROMANIAN" value="1" />
        <entry key="ZULU" value="1" />
        <entry key="NORWEGIAN" value="2" />
        <entry key="SWEDISH" value="2" />
        <entry key="SLOVENIAN" value="1" />
        <entry key="ITALIAN" value="2" />
      </map>
    </option>
  </component>
  <component name="Cache">
    <option name="lastTrimTime" value="1680082568439" />
  </component>
  <component name="Settings">
    <option name="aliTranslateSettings">
      <app-key>
        <option name="appId" value="LTAIwMXdUFdlLMAB" />
      </app-key>
    </option>
    <option name="baiduTranslateSettings">
      <app-key>
        <option name="appId" value="20221129001476235" />
      </app-key>
    </option>
    <option name="translator" value="BAIDU" />
    <option name="youdaoTranslateSettings">
      <youdao-translate>
        <option name="appId" value="352dde97f6787fd3" />
        <option name="primaryLanguage" value="ESPERANTO" />
      </youdao-translate>
    </option>
  </component>
  <component name="Translation.Cache">
    <option name="lastTrimTime" value="1695002834723" />
  </component>
  <component name="Translation.States">
    <option name="newTranslationDialogCollapseDictViewer" value="false" />
    <option name="newTranslationDialogHeight" value="260" />
    <option name="newTranslationDialogWidth" value="592" />
    <option name="newTranslationDialogX" value="749" />
    <option name="newTranslationDialogY" value="471" />
    <histories>
      <item value="set Relevance Dsp" />
      <item value="permits" />
      <item value="parties" />
      <item value="Generation" />
      <item value="do Acquire Shared Interruptibly" />
      <item value="should Park After Failed Acquire" />
      <item value="Latch" />
      <item value="Count Down Latch" />
      <item value="Wd Malfunction Diag Service" />
      <item value="get Node Data Dic" />
      <item value="get Simple Alarm Info List" />
      <item value="node Relevance Service" />
      <item value="increase" />
      <item value="picture" />
      <item value="star" />
      <item value="intercept" />
      <item value="reduce" />
      <item value="get Relevance Node Id" />
      <item value="get Node Multi Relevance Info" />
      <item value="get Adjust Val" />
      <item value="reduce Percent" />
      <item value="get Adjoin Area Id" />
      <item value="indicator" />
      <item value="get Radar Vo" />
      <item value="fill Terminal Device Info" />
      <item value="get Malfunction Diag Info" />
      <item value="Array Blocking Queue" />
      <item value="list By Pre Month" />
      <item value="ARITHMETIC AVG WITH ZERO" />
      <item value="divisor" />
      <item value="RELEVANCE CONSTANT PREFIX" />
      <item value="RELEVANCE NODE PREFIX" />
      <item value="get Node Calculate Dic" />
      <item value="relevance Key" />
      <item value="poll" />
      <item value="creat Connect" />
      <item value="Diag" />
      <item value="Wd Malfunction Diag Service Impl" />
      <item value="Flush mode for the Redis sessions. The default is ON_SAVE which only updates the backing Redis when SessionRepository.save(Session) is invoked. In a web environment this happens just before the HTTP response is committed. Setting the value to IMMEDIATE will ensure that the any updates to the Session are immediately written to the Redis instance. Returns: the FlushMode to use Since: 2.2.0" />
      <item value="create Review User" />
      <item value="avatar" />
      <item value="get Avatar" />
      <item value="get Avatar Origin" />
      <item value="set Authenticated User Id" />
      <item value="leaveapply" />
      <item value="add Comment" />
      <item value="refresh Token" />
      <item value="Internal Tenant Access Token Resp" />
      <item value="get App Access Token By Self Built App" />
      <item value="need Help Desk Auth" />
    </histories>
    <option name="languageScores">
      <map>
        <entry key="CHINESE" value="223" />
        <entry key="ENGLISH" value="224" />
        <entry key="GERMAN" value="2" />
        <entry key="ITALIAN" value="1" />
        <entry key="KURDISH" value="2" />
        <entry key="LATIN" value="1" />
        <entry key="SPANISH" value="1" />
      </map>
    </option>
  </component>
</application>