<application>
  <component name="MavenWrapperMapping">
    <option name="mapping">
      <map>
        <entry key="https://repo.maven.apache.org/maven2/org/apache/maven/apache-maven/3.6.3/apache-maven-3.6.3-bin.zip" value="$USER_HOME$/.m2/wrapper/dists/apache-maven-3.6.3-bin/1iopthnavndlasol9gbrbg6bf2/apache-maven-3.6.3" />
        <entry key="https://repo.maven.apache.org/maven2/org/apache/maven/apache-maven/3.8.1/apache-maven-3.8.1-bin.zip" value="$USER_HOME$/.m2/wrapper/dists/apache-maven-3.8.1-bin/2l5mhf2pq2clrde7f7qp1rdt5m/apache-maven-3.8.1" />
        <entry key="https://repo.maven.apache.org/maven2/org/apache/maven/apache-maven/3.8.4/apache-maven-3.8.4-bin.zip" value="$USER_HOME$/.m2/wrapper/dists/apache-maven-3.8.4-bin/52ccbt68d252mdldqsfsn03jlf/apache-maven-3.8.4" />
        <entry key="https://repo.maven.apache.org/maven2/org/apache/maven/apache-maven/3.8.6/apache-maven-3.8.6-bin.zip" value="$USER_HOME$/.m2/wrapper/dists/apache-maven-3.8.6-bin/1ks0nkde5v1pk9vtc31i9d0lcd/apache-maven-3.8.6" />
        <entry key="https://repo1.maven.org/maven2/org/apache/maven/apache-maven/3.5.0/apache-maven-3.5.0-bin.zip" value="$USER_HOME$/.m2/wrapper/dists/apache-maven-3.5.0-bin/6ps54u5pnnbbpr6ds9rppcc7iv/apache-maven-3.5.0" />
        <entry key="https://repo1.maven.org/maven2/org/apache/maven/apache-maven/3.5.3/apache-maven-3.5.3-bin.zip" value="$USER_HOME$/.m2/wrapper/dists/apache-maven-3.5.3-bin/2c22a6s60afpuloj4v181qvild/apache-maven-3.5.3" />
        <entry key="https://repo1.maven.org/maven2/org/apache/maven/apache-maven/3.5.4/apache-maven-3.5.4-bin.zip" value="$USER_HOME$/.m2/wrapper/dists/apache-maven-3.5.4-bin/jl1qqhdeineh9qg83dtj7i91c/apache-maven-3.5.4" />
        <entry key="https://repo1.maven.org/maven2/org/apache/maven/apache-maven/3.8.1/apache-maven-3.8.1-bin.zip" value="$USER_HOME$/.m2/wrapper/dists/apache-maven-3.8.1-bin/5jr7905sp869ck60ofuug4vpod/apache-maven-3.8.1" />
      </map>
    </option>
  </component>
</application>